speaker,total_words_en,total_words_ar,mean_words_en,mean_words_ar,utterance_count,pct_words_en,pct_words_ar
multiple students,613,764,1.2613168724279835,1.5720164609053497,486,0.0035342412047553707,0.006285634363661793
student,25364,19480,4.661643080316118,3.5802242234883295,5441,0.14623571601535926,0.16026722173315672
teacher,147469,101303,24.944012178619758,17.135148849797023,5912,0.8502300427798853,0.8334471439031815
