{
  "model": "sentence-transformers/LaBSE",
  "metric": "LaBSE cosine similarity (reference-free QE proxy)",
  "rationale": "LaBSE produces 109-language shared sentence embeddings; cross-lingual cosine has been shown to correlate with human direct-assessment ratings of MT adequacy (Feng et al., ACL 2022).",
  "n": 498,
  "n_sessions": 29,
  "mean": 0.8535317778587341,
  "std": 0.09748005121946335,
  "median": 0.88211590051651,
  "p25": 0.8006645888090134,
  "p75": 0.9173382073640823,
  "min": 0.40109115839004517,
  "max": 1.0000001192092896,
  "ci_95_low": 0.8449701341914861,
  "ci_95_high": 0.8620934215259821,
  "quality_bins": {
    "high (>=0.80)": 373,
    "medium [0.60, 0.80)": 114,
    "low (<0.60)": 11
  },
  "scores": [
    0.9653446078300476,
    0.9475342035293579,
    0.9150804281234741,
    0.9374901652336121,
    0.7900179624557495,
    0.8896056413650513,
    0.7388942241668701,
    0.9401058554649353,
    0.8918091058731079,
    0.8954071998596191,
    0.9667863249778748,
    0.8779175281524658,
    0.7941668629646301,
    0.8473728895187378,
    0.7122858762741089,
    0.8183990120887756,
    0.8250306844711304,
    0.8978886008262634,
    0.8585981130599976,
    0.7334766387939453,
    0.7648614645004272,
    0.8306593894958496,
    0.7334766387939453,
    0.8424211740493774,
    0.9036705493927002,
    0.9707791209220886,
    0.900471568107605,
    0.9388127326965332,
    0.9150804281234741,
    0.9213278889656067,
    0.7388942241668701,
    0.887834906578064,
    0.9150804281234741,
    0.9150804281234741,
    0.863037645816803,
    0.8632049560546875,
    0.9446768760681152,
    0.7903779745101929,
    0.9150804281234741,
    0.9325206875801086,
    0.8273210525512695,
    0.8657097220420837,
    0.9037607908248901,
    0.9297980070114136,
    0.8572121858596802,
    0.9453610181808472,
    0.8135387897491455,
    0.9150804281234741,
    0.6047397255897522,
    0.9153473377227783,
    0.8629826307296753,
    0.6543980240821838,
    0.9554102420806885,
    0.9173649549484253,
    0.951120138168335,
    0.70988529920578,
    0.7132413387298584,
    0.8067166805267334,
    0.8796425461769104,
    0.8275430798530579,
    0.9388264417648315,
    0.7744336128234863,
    0.9008680582046509,
    0.7099499106407166,
    0.7537062764167786,
    0.8455085754394531,
    0.7410085201263428,
    0.8496453762054443,
    0.9670844078063965,
    0.4685153365135193,
    0.9408623576164246,
    0.9468889236450195,
    0.8925827741622925,
    0.944587767124176,
    0.40109115839004517,
    0.8412094116210938,
    0.9735753536224365,
    0.8306593894958496,
    0.8704504370689392,
    0.7785624861717224,
    0.9159507155418396,
    0.8654389381408691,
    0.7388942241668701,
    0.9036113619804382,
    0.9374870657920837,
    0.8839117288589478,
    0.6154028177261353,
    0.7388942241668701,
    0.8228799700737,
    0.7388942241668701,
    0.8677470684051514,
    0.8396438360214233,
    0.8527092933654785,
    0.9621587991714478,
    0.7879281640052795,
    0.7988719940185547,
    0.9139741659164429,
    0.8353055119514465,
    0.7590924501419067,
    0.7321412563323975,
    0.727564811706543,
    0.7501410245895386,
    0.8772636651992798,
    0.8633450269699097,
    0.8959522843360901,
    0.9108437299728394,
    0.9141117334365845,
    0.9200810194015503,
    0.8992201089859009,
    0.822409451007843,
    0.7935425043106079,
    0.732305645942688,
    0.7174702882766724,
    0.9231845140457153,
    0.9544093012809753,
    0.9605873227119446,
    0.8103916645050049,
    0.7086876034736633,
    0.752470076084137,
    0.6406967639923096,
    0.8963375091552734,
    0.9551981687545776,
    0.8103916645050049,
    0.939444363117218,
    0.8103916645050049,
    0.7651361227035522,
    0.8707447648048401,
    0.9035871624946594,
    0.8961673974990845,
    0.7537062764167786,
    0.9135198593139648,
    0.8873082995414734,
    0.9074577689170837,
    0.7649911046028137,
    0.6845899820327759,
    0.9190582633018494,
    0.908586323261261,
    0.7870254516601562,
    0.8770586252212524,
    0.7990709543228149,
    0.7537062764167786,
    0.7767044901847839,
    0.8787107467651367,
    0.8906091451644897,
    0.9667863249778748,
    0.8899399042129517,
    0.9512144327163696,
    0.8368951082229614,
    0.8837276697158813,
    0.8525600433349609,
    0.7320609092712402,
    0.9062230587005615,
    0.7432708144187927,
    0.8143371343612671,
    0.649085521697998,
    0.6086592674255371,
    0.6200572848320007,
    0.9014527797698975,
    0.9107442498207092,
    0.8736540675163269,
    0.9243052005767822,
    0.9479784369468689,
    0.8891021013259888,
    0.950602650642395,
    0.9020832180976868,
    0.9224057793617249,
    0.9482169151306152,
    0.8669044971466064,
    0.8659275770187378,
    0.566736102104187,
    0.9528963565826416,
    0.9254045486450195,
    0.6446036100387573,
    0.8536585569381714,
    0.7388942241668701,
    0.7166353464126587,
    0.974600076675415,
    0.8901680111885071,
    0.8072634339332581,
    0.9313071966171265,
    0.8081554174423218,
    0.9445182085037231,
    0.9068432450294495,
    0.8941787481307983,
    0.8424441814422607,
    0.8863435983657837,
    0.900471568107605,
    0.803455650806427,
    1.0,
    1.0,
    0.9367955923080444,
    0.7681744694709778,
    0.9425222873687744,
    0.9566381573677063,
    0.7910242080688477,
    0.6113643050193787,
    0.8908494114875793,
    0.8418405652046204,
    0.773996114730835,
    0.9640685319900513,
    0.9622209072113037,
    0.9999998211860657,
    0.8576479554176331,
    0.8985559940338135,
    0.5847561359405518,
    0.6641721129417419,
    0.9476374387741089,
    0.967094898223877,
    0.8672254085540771,
    0.8862627148628235,
    0.9152790904045105,
    0.8849557638168335,
    0.6086592674255371,
    0.866951584815979,
    0.9135045409202576,
    0.8322702646255493,
    0.6738590002059937,
    0.8496453762054443,
    0.8952255845069885,
    0.8672817349433899,
    0.7501410245895386,
    0.7721738815307617,
    0.9606972932815552,
    0.9588478803634644,
    0.9476794004440308,
    0.8078333139419556,
    0.7955461740493774,
    0.9645582437515259,
    0.8957797288894653,
    0.9179896712303162,
    0.6995656490325928,
    0.7026809453964233,
    0.682759165763855,
    0.898944616317749,
    0.8610345721244812,
    0.7501410245895386,
    0.8989424705505371,
    0.9107972979545593,
    0.8865250945091248,
    0.900471568107605,
    0.8672327995300293,
    0.9605873227119446,
    0.8986209630966187,
    0.8781896233558655,
    0.900471568107605,
    0.8977652788162231,
    0.7501410245895386,
    0.9240463972091675,
    0.7873029112815857,
    0.913459062576294,
    0.8717436194419861,
    0.8367855548858643,
    0.8143182396888733,
    0.8103916645050049,
    0.9270093441009521,
    0.799491286277771,
    0.8644959926605225,
    0.8841095566749573,
    0.7501410245895386,
    0.8536498546600342,
    0.874534010887146,
    0.8323583602905273,
    0.8075947761535645,
    0.8845951557159424,
    0.7388942241668701,
    0.9439853429794312,
    0.8730586767196655,
    0.8986130952835083,
    0.8920872211456299,
    0.8468896150588989,
    0.7431344985961914,
    0.8834139704704285,
    1.0,
    0.7685522437095642,
    0.9150086641311646,
    0.8189023733139038,
    0.9009336233139038,
    0.7853013873100281,
    0.9243596792221069,
    0.9999999403953552,
    0.9999999403953552,
    0.9211001396179199,
    0.7846086621284485,
    0.9999999403953552,
    0.8640096783638,
    0.8104314208030701,
    0.8103916645050049,
    0.809414267539978,
    0.6730632781982422,
    0.7526084184646606,
    0.714259147644043,
    0.9380283355712891,
    0.8036631345748901,
    0.7537062764167786,
    0.917355477809906,
    0.8947778940200806,
    0.7388942241668701,
    0.9379673600196838,
    0.9036705493927002,
    0.8538215756416321,
    0.8496453762054443,
    0.7501410245895386,
    0.6513255834579468,
    0.7537192106246948,
    0.8103916645050049,
    0.8535903692245483,
